<?xml version="1.0" ?>
<manifest identifier="GLaxP5m0XMrb0s2cCvNh4XA6UdnhxwqTXEXyUJyX" version="1"
  xmlns="http://www.imsproject.org/xsd/imscp_rootv1p1p2"
  xmlns:adlcp="http://www.adlnet.org/xsd/adlcp_rootv1p2"
  xmlns:xsi="http://www.w3.org/2001/XMLSchema-instance"
  xsi:schemaLocation="http://www.imsproject.org/xsd/imscp_rootv1p1p2 imscp_rootv1p1p2.xsd
                      http://www.adlnet.org/xsd/adlcp_rootv1p2 adlcp_rootv1p2.xsd">
  <metadata>
    <schema>ADL SCORM</schema>
    <schemaversion>1.2</schemaversion>
    <adlcp:location>metadata.xml</adlcp:location>
  </metadata>
  <organizations default="articulate_rise">
      <organization identifier="articulate_rise">
      <title>Implementing WCAG Guidelines for Instructional Designers</title>
      <item identifier="i1" identifierref="r1" isvisible="true">
        <title>Implementing WCAG Guidelines for Instructional Designers</title>
        <adlcp:datafromlms>eyJjcHYiOiJYRVh5VUp5WCIsInJsZCI6ZmFsc2V9</adlcp:datafromlms>
      </item>
    </organization>
  </organizations>
  <resources>
    <resource identifier="r1" type="webcontent" adlcp:scormtype="sco" href="scormdriver/indexAPI.html">
      <!-- SCORMDRIVER STUFF -->
      <file href="scormdriver/indexAPI.html" />
      <file href="scormdriver/preloadIntegrity.js" />
      <file href="scormdriver/driverOptions.js" />
      <file href="scormdriver/AICCComm.html" />
      <file href="scormdriver/auto-scripts/AutoBookmark.js" />
      <file href="scormdriver/auto-scripts/AutoCompleteSCO.js" />
      <file href="scormdriver/auto-scripts/CourseExit.js" />
      <file href="scormdriver/blank.html" />
      <file href="scormdriver/goodbye.html" />
      <file href="scormdriver/scormdriver.js" />
      <file href="scormdriver/browsersniff.js" />

      <!-- RUNTIME COMMON STUFF -->
      <file href="scormcontent/index.html" />

      
        <file href="scormcontent/lib/fonts/icomoon.ttf"/>
        <file href="scormcontent/lib/fonts/icomoon.woff"/>

        <file href="scormcontent/lib/icomoon.css"/>
        <file href="scormcontent/lib/player-0.0.11.min.js"/>
        <file href="scormcontent/lib/lzwcompress.js"/>
      

      <!-- FRONTEND BUNDLE ASSETS -->
      <file href="scormcontent/lib/rise/6231ed1c.js" />
<file href="scormcontent/lib/rise/11732e6a.css" />
<file href="scormcontent/lib/rise/3499478a.js" />
<file href="scormcontent/lib/rise/25ffc641.css" />
<file href="scormcontent/lib/rise/e6a630a3.js" />
<file href="scormcontent/lib/rise/eb9bd09f.js" />
<file href="scormcontent/lib/rise/20be7de8.js" />
<file href="scormcontent/lib/mondrian/entry.js" />
<file href="scormcontent/lib/mondrian/b6873211.js" />
<file href="scormcontent/lib/mondrian/0e859ef5.js" />
<file href="scormcontent/lib/mondrian/7b2a258a.js" />
<file href="scormcontent/lib/mondrian/18ae508c.js" />
<file href="scormcontent/lib/mondrian/3e40eb79.js" />
<file href="scormcontent/lib/mondrian/cdf9a293.js" />
<file href="scormcontent/lib/mondrian/3f9ba7c0.js" />
<file href="scormcontent/lib/mondrian/07d24945.js" />


      <!-- RUNTIME CONTENT STUFF -->
      <file href="scormcontent/lib/fonts/Lato-Black.woff" />
<file href="scormcontent/lib/fonts/Lato-Italic.woff" />
<file href="scormcontent/lib/fonts/Lato-Bold.woff" />
<file href="scormcontent/lib/fonts/Lato-Regular.woff" />
<file href="scormcontent/lib/fonts/Lato-Light.woff" />
<file href="scormcontent/lib/fonts/Merriweather-Black.woff" />
<file href="scormcontent/lib/fonts/Merriweather-Italic.woff" />
<file href="scormcontent/lib/fonts/Merriweather-Bold.woff" />
<file href="scormcontent/lib/fonts/Merriweather-Regular.woff" />
<file href="scormcontent/lib/fonts/Merriweather-Light.woff" />
<file href="scormcontent/assets/ogfEgw1tl2B8Sy0__small.png" />
<file href="scormcontent/assets/3XXbSxsvyd8GqYiM_mLZVJaUC2kiPNwQo.png" />
<file href="scormcontent/assets/oYbc4cM06LcywGaE_quote_background.jpg" />
<file href="scormcontent/assets/SwDbjz_y-O6V6J88_abb8rZD1RPhw6p6S.jpg" />
<file href="scormcontent/assets/CPcNaAjTgJgkVQEF__hK99ptYn4HJA1cd.jpg" />
<file href="scormcontent/assets/SHgYas8FYP4NNgcx_HxPthHifA2J_Ee4X.jpg" />
<file href="scormcontent/assets/U0SEzROXBX4L0Xmc_7XQ9Plv9PCKFJcNy.jpg" />
<file href="scormcontent/assets/ppyrgFWlhMagzE-d_ObqEsxs9iQowHqPy.jpg" />
<file href="scormcontent/assets/5gTI64N3J0fZpn5H_jG_zWkSRXHFpEXaJ.jpg" />
<file href="scormcontent/assets/dfNRjMdN3hdNMUkG_sk984QlOrOjdVmWi.jpg" />
<file href="scormcontent/assets/XZF8NE_Mh_osNv8a_A7Cre11NNybwL3qC.jpg" />
<file href="scormcontent/assets/uqgNAMqWCQxv5m6w_NWunu_yIs27L_xiA.jpg" />
<file href="scormcontent/assets/4SGGUzll5Kn9rfcR_93iKWfSxOrmrR4Mc.jpg" />
<file href="scormcontent/assets/IsjdgZdvV1BZ52b7_htptjWfUu5dEm1s4.jpg" />
<file href="scormcontent/assets/j2KWmftqIvrTWqAG_9WzCm-6E3b5eGApH.jpg" />
<file href="scormcontent/assets/VbCbXa13yPy3t5ur_iC7RAMI6lkCatbGw.jpg" />
<file href="scormcontent/assets/iSWeHqxcqvkmNflB_P1vtEOQTadGRpRaz.jpg" />
<file href="scormcontent/assets/7VrfwYr0Av72kO7l_s_Pot-3WtL4to_kj.jpg" />
<file href="scormcontent/assets/LFJNXTjmr8IpXrkr_Lw-bF0qp9jh_p0KN.jpg" />
<file href="scormcontent/assets/45amH5FeHVIOjytA_LpT1E5DLuxhhw5QP.jpg" />
<file href="scormcontent/assets/FXeKLwtmtmWn9ehZ_xoQOZM9NNTugoNMl.jpg" />
<file href="scormcontent/assets/W0JV_qDQtCb8Ckr5_-1LMqxplDp_3FLPv.jpg" />
<file href="scormcontent/assets/CrLiEi7QjG2cmQKm_KbAP9cE9RY00mRBn.jpg" />
<file href="scormcontent/assets/ZJl-M4ZiN2LzZiK5_YrnDlC4FKSJ2hCpI.jpg" />
<file href="scormcontent/assets/X8N6_j/header2.png" />
<file href="scormcontent/assets/A5rkctjajdUkqaCu_8_cities.jpg" />
<file href="scormcontent/assets/t9A0IRXDoEUsjQle_example-header-image.jpg" />

    </resource>
  </resources>
</manifest>
